id,chroma_mean_0,chroma_mean_1,chroma_mean_2,chroma_mean_3,chroma_mean_4,chroma_mean_5,chroma_mean_6,chroma_mean_7,chroma_mean_8,chroma_mean_9,chroma_mean_10,chroma_mean_11,chroma_std_0,chroma_std_1,chroma_std_2,chroma_std_3,chroma_std_4,chroma_std_5,chroma_std_6,chroma_std_7,chroma_std_8,chroma_std_9,chroma_std_10,chroma_std_11,mfccs_mean_0,mfccs_mean_1,mfccs_mean_2,mfccs_mean_3,mfccs_mean_4,mfccs_mean_5,mfccs_mean_6,mfccs_mean_7,mfccs_mean_8,mfccs_mean_9,mfccs_mean_10,mfccs_mean_11,mfccs_mean_12,mfccs_std_0,mfccs_std_1,mfccs_std_2,mfccs_std_3,mfccs_std_4,mfccs_std_5,mfccs_std_6,mfccs_std_7,mfccs_std_8,mfccs_std_9,mfccs_std_10,mfccs_std_11,mfccs_std_12,cent_mean,cent_std,cent_skew,contrast_mean_0,contrast_mean_1,contrast_mean_2,contrast_mean_3,contrast_mean_4,contrast_mean_5,contrast_mean_6,contrast_std_0,contrast_std_1,contrast_std_2,contrast_std_3,contrast_std_4,contrast_std_5,contrast_std_6,rolloff_mean,rolloff_std,rolloff_skew,zrate_mean,zrate_std,zrate_skew,tempo
musicbox,0.26875128622215455,0.37428589310842275,0.2417350952441762,0.30794083752921997,0.38734622655063,0.29223279192162926,0.22402912873974187,0.1827346577822231,0.20147875821101066,0.1484309539122944,0.05448761496079986,0.03605977660949434,0.11330958474467755,0.1754512322916077,0.08692895845308056,0.1743289252757257,0.19841094371799226,0.1187941006826013,0.17218173564134442,0.11339487415688178,0.19013702328236648,0.14406174512197056,0.0717277649471483,0.09435356707046351,-386.71036,187.24774,69.17535,22.05491,-6.3145995,-14.994878,-12.97232,-26.119469,-36.01952,-29.958307,-17.77099,-4.978269,-10.3112,30.395252,13.734957,14.640072,13.1808605,12.674826,11.364941,7.593326,7.200456,9.226099,11.519747,13.214369,21.084589,24.330563,797.4465120357764,582.504326306352,1.5310934855793092,41.82777413660748,23.556012155624398,35.60135841161011,39.26707766632165,30.631916759790006,26.580225227419763,35.78451638328884,4.992651262279317,3.74729066262465,4.48652851414551,5.212561712231598,7.4316496835479855,5.772303463518107,3.6720381954824837,1548.2560100760093,1723.177533529806,1723.177533529806,0.03719994530850792,0.01104575152544271,1.0919818208098437,161.4990234375
