,classifier,score,accuracy,recall,specificity,precision,FPR,FNR,CV-10 mean,CV-10 std,No Skill ROC AUC,Logistic ROC AUC,Precision-Recall AUC,F1,Other Test,Podcast Test
0,K Nearest Neighbors,0.99710704,0.99710704,1,0.993902439,0.994525547,0.006097561,0,99.51690821,0.990043552,0.5,0.99898374,0.999084249,0.997255261,0.998195597,0.079931973
1,Linear SVM,1,1,1,1,1,0,0,100,0,0.5,1,1,1,1,0.006802721
