,classifier,score,accuracy,recall,specificity,precision,FPR,FNR,CV-10 mean,CV-10 std,No Skill ROC AUC,Logistic ROC AUC,Precision-Recall AUC,F1
0,K Nearest Neighbors,0.9893924783027965,0.9893924783027965,0.998165137614679,0.9796747967479674,0.9819494584837545,0.02032520325203252,0.001834862385321101,98.45410628019323,2.284365298074761,0.5,0.9978518684269411,0.9980568214044219,0.9899909008189263
