,classifier,score,accuracy,recall,specificity,precision,FPR,FNR,CV-10 mean,CV-10 std,No Skill ROC AUC,Logistic ROC AUC,Precision-Recall AUC,F1,Other Test,Podcast Test
0,K Nearest Neighbors,0.9971070395371263,0.9971070395371263,1.0,0.9939024390243902,0.9945255474452555,0.006097560975609756,0.0,99.51690821256038,0.9900435522666279,0.5,0.9989837398373984,0.9990842490842491,0.9972552607502287,0.9981955972573078,0.07993197278911565
1,Linear SVM,1.0,1.0,1.0,1.0,1.0,0.0,0.0,100.0,0.0,0.5,1.0,1.0,1.0,1.0,0.006802721088435374
