,id,target,chroma 0 mean,chroma 0 std,chroma 1 mean,chroma 1 std,chroma 2 mean,chroma 2 std,chroma 3 mean,chroma 3 std,chroma 4 mean,chroma 4 std,chroma 5 mean,chroma 5 std,chroma 6 mean,chroma 6 std,chroma 7 mean,chroma 7 std,chroma 8 mean,chroma 8 std,chroma 9 mean,chroma 9 std,chroma 10 mean,chroma 10 std,chroma 11 mean,chroma 11 std,mfccs 0 mean,mfccs 0 std,mfccs 1 mean,mfccs 1 std,mfccs 2 mean,mfccs 2 std,mfccs 3 mean,mfccs 3 std,mfccs 4 mean,mfccs 4 std,mfccs 5 mean,mfccs 5 std,mfccs 6 mean,mfccs 6 std,mfccs 7 mean,mfccs 7 std,mfccs 8 mean,mfccs 8 std,mfccs 9 mean,mfccs 9 std,mfccs 10 mean,mfccs 10 std,mfccs 11 mean,mfccs 11 std,mfccs 12 mean,mfccs 12 std,cent mean,cent std,cent skew,flat mean,flat std,flat skew,rolloff mean,rolloff std,rolloff skew,contrast 0 mean,contrast 0 std,contrast 1 mean,contrast 1 std,contrast 2 mean,contrast 2 std,contrast 3 mean,contrast 3 std,contrast 4 mean,contrast 4 std,contrast 5 mean,contrast 5 std,contrast 6 mean,contrast 6 std,zrate mean,zrate std,zrate skew,tempo
0,0-0,-1,0.08048135038157332,0.1965388825101783,0.3816383041198806,0.34930468930780206,0.28093966983488405,0.20113839153391166,0.2758068007180759,0.24982347795364632,0.3251579887160058,0.34477443132023916,0.2596809239729778,0.26986729047488983,0.06525844995479543,0.05646228827215742,0.11070780620876514,0.06312077251786945,0.07405588325198977,0.040959796153424245,0.10085164644675676,0.03638147483511808,0.08396906496826044,0.08924931632987146,0.05121278353104505,0.06727807706947454,-472.1452,185.94685,-26.085194,42.767708,-28.384136,2.772775,7.110717,-9.525749,-3.6492555,-12.489696,-3.4957774,-8.716411,-3.7731996,59.23327,29.301607,15.886271,12.5570965,10.569595,8.6323805,8.188429,8.699987,7.5339975,7.3280964,8.570445,7.808583,6.7508054,1789.482416204317,1351.1348232794955,6.246152280852354,0.011582031846046448,0.07903893291950226,6.9716620445251465,3495.0924915199193,2467.096312868118,4.88299975097742,27.34523452117912,9.18997847275985,14.071529992065477,17.734616971446687,17.69162552054483,15.077839712978282,28.602338805487374,5.503686633393339,3.2827970311777404,3.6417009900875263,3.8650124917648583,3.638116351097404,2.0656151237837808,2.6872378947693774,0.037324760031755194,0.038102319520059026,6.017868515575237,117.45383522727273
