,id,target,chroma 0 mean,chroma 0 std,chroma 1 mean,chroma 1 std,chroma 2 mean,chroma 2 std,chroma 3 mean,chroma 3 std,chroma 4 mean,chroma 4 std,chroma 5 mean,chroma 5 std,chroma 6 mean,chroma 6 std,chroma 7 mean,chroma 7 std,chroma 8 mean,chroma 8 std,chroma 9 mean,chroma 9 std,chroma 10 mean,chroma 10 std,chroma 11 mean,chroma 11 std,mfccs 0 mean,mfccs 0 std,mfccs 1 mean,mfccs 1 std,mfccs 2 mean,mfccs 2 std,mfccs 3 mean,mfccs 3 std,mfccs 4 mean,mfccs 4 std,mfccs 5 mean,mfccs 5 std,mfccs 6 mean,mfccs 6 std,mfccs 7 mean,mfccs 7 std,mfccs 8 mean,mfccs 8 std,mfccs 9 mean,mfccs 9 std,mfccs 10 mean,mfccs 10 std,mfccs 11 mean,mfccs 11 std,mfccs 12 mean,mfccs 12 std,cent mean,cent std,cent skew,flat mean,flat std,flat skew,rolloff mean,rolloff std,rolloff skew,contrast 0 mean,contrast 0 std,contrast 1 mean,contrast 1 std,contrast 2 mean,contrast 2 std,contrast 3 mean,contrast 3 std,contrast 4 mean,contrast 4 std,contrast 5 mean,contrast 5 std,contrast 6 mean,contrast 6 std,zrate mean,zrate std,zrate skew,tempo
0,1-5,-1,0.09142020531004175,0.108770512725452,0.4449485222262576,0.14257879835071638,0.10148336270688835,0.11136085785486009,0.44657876142782793,0.27633763501481945,0.19675812353500619,0.20388389654807962,0.20525710434135883,0.30150472201166434,0.0850765493078135,0.16967776474416785,0.17526964513791332,0.11646489697252146,0.09288164962977266,0.09551418353346137,0.26057551901962395,0.10724635185304734,0.12382419201723005,0.14153527141411784,0.10899866385807773,0.15805521867605518,-417.23737,122.50768,22.080166,6.599209,-4.2371383,-7.1171627,9.617995,2.2744381,-8.602094,-6.500503,-7.8145823,-8.476786,-11.401941,61.82712,31.819782,34.86036,18.115679,10.4277115,10.7572,9.16228,8.438545,10.439516,7.29463,7.7852755,6.965332,6.431815,1680.601739314977,1344.5198810360216,6.254185137685683,0.010612540878355503,0.07583625614643097,7.3592209815979,3085.3648690098153,2472.2629001328323,5.070451708856435,23.22214584868879,14.128202922262739,19.232511497386092,17.396162430758228,17.660012961744503,15.200317170921116,28.718982829772305,5.914939357853261,4.149607140807136,5.019481065446118,4.070311133382052,3.8073002870601726,2.7649332463040235,2.905166914771385,0.032723865112586605,0.04176633356520735,4.955918897248655,172.265625
