,id,target,chroma 0 mean,chroma 0 std,chroma 1 mean,chroma 1 std,chroma 2 mean,chroma 2 std,chroma 3 mean,chroma 3 std,chroma 4 mean,chroma 4 std,chroma 5 mean,chroma 5 std,chroma 6 mean,chroma 6 std,chroma 7 mean,chroma 7 std,chroma 8 mean,chroma 8 std,chroma 9 mean,chroma 9 std,chroma 10 mean,chroma 10 std,chroma 11 mean,chroma 11 std,mfccs 0 mean,mfccs 0 std,mfccs 1 mean,mfccs 1 std,mfccs 2 mean,mfccs 2 std,mfccs 3 mean,mfccs 3 std,mfccs 4 mean,mfccs 4 std,mfccs 5 mean,mfccs 5 std,mfccs 6 mean,mfccs 6 std,mfccs 7 mean,mfccs 7 std,mfccs 8 mean,mfccs 8 std,mfccs 9 mean,mfccs 9 std,mfccs 10 mean,mfccs 10 std,mfccs 11 mean,mfccs 11 std,mfccs 12 mean,mfccs 12 std,cent mean,cent std,cent skew,flat mean,flat std,flat skew,rolloff mean,rolloff std,rolloff skew,contrast 0 mean,contrast 0 std,contrast 1 mean,contrast 1 std,contrast 2 mean,contrast 2 std,contrast 3 mean,contrast 3 std,contrast 4 mean,contrast 4 std,contrast 5 mean,contrast 5 std,contrast 6 mean,contrast 6 std,zrate mean,zrate std,zrate skew,tempo
0,2-10,-1,0.2531717352896378,0.16438354083686044,0.3953400465736836,0.2900645306191596,0.21914788589025905,0.13531981405312385,0.19558615323922787,0.23739999935267342,0.3258527308804953,0.3817231954135355,0.1927322605764893,0.303273911528711,0.14255887681266338,0.08176376376310714,0.11010282523192909,0.12640725128607488,0.09084575879944978,0.07293701515358846,0.09903690107205075,0.07022860258473373,0.08199794679567628,0.14459397804667304,0.06365077600560656,0.10668739168318638,-488.40308,171.41321,-33.631657,49.7205,-23.693758,8.90675,8.359873,-6.7928147,-0.7927407,-9.542013,-0.9566439,-8.481382,-5.912858,59.95889,28.548979,18.117496,16.684433,14.80937,10.666532,8.314695,9.129541,7.90626,7.666032,9.002519,8.366522,7.1017437,2061.509470848095,1336.013341818415,5.8750718927360115,0.011574594303965569,0.07810292392969131,7.01746940612793,4453.245435190531,2374.9707563490574,4.422386268999865,27.731412437073967,10.494781340340067,14.965884244903995,16.201744187923047,17.808015066208263,15.157815528542228,29.23269216084593,5.836684069901304,3.528533542963275,3.7989622219246777,4.072331572951161,3.6974061284988884,2.1283511651429885,2.7915530006679394,0.040788963265011545,0.038503472463303774,5.387769522061462,172.265625
