,id,target,chroma 0 mean,chroma 0 std,chroma 1 mean,chroma 1 std,chroma 2 mean,chroma 2 std,chroma 3 mean,chroma 3 std,chroma 4 mean,chroma 4 std,chroma 5 mean,chroma 5 std,chroma 6 mean,chroma 6 std,chroma 7 mean,chroma 7 std,chroma 8 mean,chroma 8 std,chroma 9 mean,chroma 9 std,chroma 10 mean,chroma 10 std,chroma 11 mean,chroma 11 std,mfccs 0 mean,mfccs 0 std,mfccs 1 mean,mfccs 1 std,mfccs 2 mean,mfccs 2 std,mfccs 3 mean,mfccs 3 std,mfccs 4 mean,mfccs 4 std,mfccs 5 mean,mfccs 5 std,mfccs 6 mean,mfccs 6 std,mfccs 7 mean,mfccs 7 std,mfccs 8 mean,mfccs 8 std,mfccs 9 mean,mfccs 9 std,mfccs 10 mean,mfccs 10 std,mfccs 11 mean,mfccs 11 std,mfccs 12 mean,mfccs 12 std,cent mean,cent std,cent skew,flat mean,flat std,flat skew,rolloff mean,rolloff std,rolloff skew,contrast 0 mean,contrast 0 std,contrast 1 mean,contrast 1 std,contrast 2 mean,contrast 2 std,contrast 3 mean,contrast 3 std,contrast 4 mean,contrast 4 std,contrast 5 mean,contrast 5 std,contrast 6 mean,contrast 6 std,zrate mean,zrate std,zrate skew,tempo
0,3-15,-1,0.18821706392770307,0.18859707651373092,0.4976012740912399,0.14986137649367387,0.11094508617788043,0.05331389160531468,0.2013195741663734,0.31291418595928217,0.17886522143368416,0.2812443065401803,0.2160663570887247,0.41389156541357097,0.10944191551805256,0.08306373101187846,0.1498144744464184,0.0920578358517028,0.15170390838623307,0.045784699816994553,0.1241823778701849,0.15688778884679244,0.0634392777348229,0.15052421040201827,0.08785695133911767,0.16407173362525584,-481.9533,172.12914,-23.33351,46.52967,-16.33757,12.368863,9.802765,-12.149626,-1.0220101,-6.725035,1.3063457,-11.10359,-11.847859,58.413746,29.248293,18.12464,15.172593,13.308277,10.83014,7.684121,10.7429495,8.155161,8.136803,7.5433965,7.1868067,7.3067255,1841.1859782151332,1356.3618623620305,6.120194737859761,0.011536452919244766,0.07884833961725235,6.976395130157471,3714.949976544457,2498.218948133661,4.613551501888406,25.923463560008802,11.275060660489427,16.467258222710996,17.574208428968937,18.93412112479112,15.124341969768917,28.75854349926338,5.299830852201956,3.992575844588889,4.2395308165523335,4.102436538022324,4.079773231809898,1.923745452438399,2.657846992978957,0.035526125866050806,0.03830542872155333,5.727329600918891,172.265625
