,id,target,chroma 0 mean,chroma 0 std,chroma 1 mean,chroma 1 std,chroma 2 mean,chroma 2 std,chroma 3 mean,chroma 3 std,chroma 4 mean,chroma 4 std,chroma 5 mean,chroma 5 std,chroma 6 mean,chroma 6 std,chroma 7 mean,chroma 7 std,chroma 8 mean,chroma 8 std,chroma 9 mean,chroma 9 std,chroma 10 mean,chroma 10 std,chroma 11 mean,chroma 11 std,mfccs 0 mean,mfccs 0 std,mfccs 1 mean,mfccs 1 std,mfccs 2 mean,mfccs 2 std,mfccs 3 mean,mfccs 3 std,mfccs 4 mean,mfccs 4 std,mfccs 5 mean,mfccs 5 std,mfccs 6 mean,mfccs 6 std,mfccs 7 mean,mfccs 7 std,mfccs 8 mean,mfccs 8 std,mfccs 9 mean,mfccs 9 std,mfccs 10 mean,mfccs 10 std,mfccs 11 mean,mfccs 11 std,mfccs 12 mean,mfccs 12 std,cent mean,cent std,cent skew,flat mean,flat std,flat skew,rolloff mean,rolloff std,rolloff skew,contrast 0 mean,contrast 0 std,contrast 1 mean,contrast 1 std,contrast 2 mean,contrast 2 std,contrast 3 mean,contrast 3 std,contrast 4 mean,contrast 4 std,contrast 5 mean,contrast 5 std,contrast 6 mean,contrast 6 std,zrate mean,zrate std,zrate skew,tempo
0,4-20,-1,0.0993485187760699,0.16647585832403153,0.41903057800875937,0.2669205461824694,0.23757806203373824,0.194270654611936,0.31648720557904025,0.21898466166949127,0.28831357059544094,0.38828301971362067,0.20456559023020826,0.28762569456888176,0.05651295596799557,0.05371544939928356,0.13470380178944172,0.10806508299869656,0.09393318168291616,0.08634316715902227,0.12298290295800327,0.053028511407533716,0.11396671004192215,0.14021487839596403,0.053752793277774484,0.09570753970147143,-478.41864,184.06538,-8.951876,19.80451,-8.822671,2.3534021,13.706482,-1.8084655,3.146801,-0.5601402,2.6501293,-5.8674655,-16.567213,58.644596,38.39039,25.542463,27.066698,18.28522,11.732658,9.093657,10.721458,7.9058332,9.226609,8.203305,7.6144013,7.816684,1559.0399878878413,1484.8575603885463,5.139074537152433,0.01155806053429842,0.07929465919733047,6.96060037612915,2939.307091693129,2786.1909396683345,3.938963236304417,27.84269246036044,10.48942803450662,16.328582347855487,18.7302315974347,18.32422534328018,15.873877665869347,26.51976869288294,6.039764690577156,3.613639346440564,3.991264485116062,4.2445389431138905,3.7843127870451574,2.2276068543385494,4.43664902368979,0.03246675627886836,0.03917482518043257,5.637298228569773,132.51201923076923
