,id,target,chroma 0 mean,chroma 0 std,chroma 1 mean,chroma 1 std,chroma 2 mean,chroma 2 std,chroma 3 mean,chroma 3 std,chroma 4 mean,chroma 4 std,chroma 5 mean,chroma 5 std,chroma 6 mean,chroma 6 std,chroma 7 mean,chroma 7 std,chroma 8 mean,chroma 8 std,chroma 9 mean,chroma 9 std,chroma 10 mean,chroma 10 std,chroma 11 mean,chroma 11 std,mfccs 0 mean,mfccs 0 std,mfccs 1 mean,mfccs 1 std,mfccs 2 mean,mfccs 2 std,mfccs 3 mean,mfccs 3 std,mfccs 4 mean,mfccs 4 std,mfccs 5 mean,mfccs 5 std,mfccs 6 mean,mfccs 6 std,mfccs 7 mean,mfccs 7 std,mfccs 8 mean,mfccs 8 std,mfccs 9 mean,mfccs 9 std,mfccs 10 mean,mfccs 10 std,mfccs 11 mean,mfccs 11 std,mfccs 12 mean,mfccs 12 std,cent mean,cent std,cent skew,flat mean,flat std,flat skew,rolloff mean,rolloff std,rolloff skew,contrast 0 mean,contrast 0 std,contrast 1 mean,contrast 1 std,contrast 2 mean,contrast 2 std,contrast 3 mean,contrast 3 std,contrast 4 mean,contrast 4 std,contrast 5 mean,contrast 5 std,contrast 6 mean,contrast 6 std,zrate mean,zrate std,zrate skew,tempo
0,5-25,-1,0.07525621576718103,0.1391467342741778,0.3985378740160685,0.27098341332134734,0.2398223037804,0.18008052667383237,0.3022858597090785,0.2201331926841043,0.3298972275980212,0.40747222102378067,0.21243532252829186,0.2879321570911756,0.06551524187755006,0.08255984571765682,0.14209049918423503,0.09159527404475613,0.09828515397649229,0.08740831448398684,0.12005204613307034,0.05240145219857914,0.10562675697249109,0.11574932610540034,0.05531285588929886,0.0909442607180573,-458.6756,180.3745,-16.630833,1.5544795,-3.788655,6.931843,13.768464,-7.912891,-2.3694577,1.6868316,3.569274,-1.7418058,-12.467573,50.942852,34.390923,20.085728,22.27741,18.974676,10.550602,9.210896,10.637452,8.135314,8.697162,7.844141,8.114747,7.4595513,1608.8664534234592,1438.910111945047,5.627267548578538,0.011653187684714794,0.07986876368522644,6.948241233825684,2904.7445601183604,2613.686699138158,4.823341198766354,26.71617060312547,11.120325624626771,15.317615527858791,18.26347540152438,20.758037846129344,16.043116942889167,26.474682513184884,5.392204166297057,3.7135785466870987,3.984072687024276,3.6644234463614285,3.957309795242476,2.317456838536514,3.8118885915304928,0.03977293230369515,0.03933063742153901,5.162015097590358,178.20581896551724
