,id,target,chroma 0 mean,chroma 0 std,chroma 1 mean,chroma 1 std,chroma 2 mean,chroma 2 std,chroma 3 mean,chroma 3 std,chroma 4 mean,chroma 4 std,chroma 5 mean,chroma 5 std,chroma 6 mean,chroma 6 std,chroma 7 mean,chroma 7 std,chroma 8 mean,chroma 8 std,chroma 9 mean,chroma 9 std,chroma 10 mean,chroma 10 std,chroma 11 mean,chroma 11 std,mfccs 0 mean,mfccs 0 std,mfccs 1 mean,mfccs 1 std,mfccs 2 mean,mfccs 2 std,mfccs 3 mean,mfccs 3 std,mfccs 4 mean,mfccs 4 std,mfccs 5 mean,mfccs 5 std,mfccs 6 mean,mfccs 6 std,mfccs 7 mean,mfccs 7 std,mfccs 8 mean,mfccs 8 std,mfccs 9 mean,mfccs 9 std,mfccs 10 mean,mfccs 10 std,mfccs 11 mean,mfccs 11 std,mfccs 12 mean,mfccs 12 std,cent mean,cent std,cent skew,flat mean,flat std,flat skew,rolloff mean,rolloff std,rolloff skew,contrast 0 mean,contrast 0 std,contrast 1 mean,contrast 1 std,contrast 2 mean,contrast 2 std,contrast 3 mean,contrast 3 std,contrast 4 mean,contrast 4 std,contrast 5 mean,contrast 5 std,contrast 6 mean,contrast 6 std,zrate mean,zrate std,zrate skew,tempo
0,6-40,-1,0.09542851005742138,0.21084466208137692,0.321103072645865,0.22792084010790073,0.3152615758875984,0.246054144852742,0.44913128814634345,0.31699448476564207,0.2271870281258819,0.2355914500509461,0.19572251828828177,0.2148839243785054,0.06512592362405355,0.08252507214605607,0.15475702096651686,0.10786925000817,0.13523355383268065,0.09931734192815336,0.15603731088860112,0.11343112435653344,0.07412655251840741,0.10613455800599847,0.07160306878698586,0.06128905058045077,-424.10162,127.51442,19.23829,-3.8305876,-1.2679114,1.3164011,0.14803943,-11.441451,-9.242952,3.0283022,5.8665795,-1.6465803,-11.802818,45.166397,30.159203,21.109959,17.319525,17.126371,14.313446,9.714741,11.8004675,9.370903,9.130092,10.256246,10.590473,10.800749,1689.4129110401132,1453.2610715647295,5.155442604617955,0.011519775725901127,0.07855511456727982,6.991783618927002,3226.6485412456695,2723.215814817163,3.808300247213862,23.93655868069498,12.962189620946056,17.23508280989509,19.384731468761615,19.57554076622704,15.518597640918399,26.06876011475273,5.881236112665819,4.940244412653639,4.901214791407965,4.789293934880046,4.947265093760068,2.2107105262073703,4.317141472486544,0.040110105730369515,0.03875465815879525,5.26016716944686,112.34714673913044
